"Região","Cidade","Ano Abertura","Mês Abertura","Data Abertura","Nome Fantasia","Área","Assunto","Grupo Problema","Problema","Forma Contato","Situação"
"SE","Guarulhos",2023,1,"2023-01-03","Azul Linhas Aéreas","Transportes","Aéreo","Cobrança / Contestação","Dificuldade / atraso na devolução de valores pagos / reembolso / retenção de valores","Internet","Finalizada avaliada"
"SE","Guarulhos",2023,1,"2023-01-04","Latam Airlines (Tam)","Demais Serviços ","Programas de Fidelidade / Benefícios (pontos, milhagem etc)","Contrato / Oferta","Oferta não cumprida / serviço não fornecido/ venda enganosa / publicidade enganosa","Internet","Finalizada não avaliada"
"SE","Guarulhos",2023,1,"2023-01-05","Gol Linhas Aéreas","Demais Serviços ","Programas de Fidelidade / Benefícios (pontos, milhagem etc)","Vício de Qualidade","Serviço não realizado no prazo ou incompleto","Internet","Finalizada não avaliada"
"SE","Guarulhos",2023,1,"2023-01-06","Azul Linhas Aéreas","Transportes","Aéreo","Cobrança / Contestação","Dificuldade / atraso na devolução de valores pagos / reembolso / retenção de valores","Internet","Finalizada avaliada"
"SE","Guarulhos",2023,1,"2023-01-06","Latam Airlines (Tam)","Transportes","Aéreo","Cobrança / Contestação","Dificuldade / atraso na devolução de valores pagos / reembolso / retenção de valores","Internet","Finalizada avaliada"
"SE","Guarulhos",2023,1,"2023-01-07","Gol Linhas Aéreas","Demais Serviços ","Programas de Fidelidade / Benefícios (pontos, milhagem etc)","Contrato / Oferta","Oferta não cumprida / serviço não fornecido/ venda enganosa / publicidade enganosa","Internet","Finalizada não avaliada"
"SE","Guarulhos",2023,1,"2023-01-07","Azul Linhas Aéreas","Transportes","Aéreo","Vício de Qualidade","Cancelamento de voo","Internet","Finalizada avaliada"
"SE","Guarulhos",2023,1,"2023-01-09","Latam Airlines (Tam)","Demais Serviços ","Programas de Fidelidade / Benefícios (pontos, milhagem etc)","Contrato / Oferta","Oferta não cumprida / serviço não fornecido/ venda enganosa / publicidade enganosa","Internet","Finalizada não avaliada"
"SE","Guarulhos",2023,1,"2023-01-09","Gol Linhas Aéreas","Transportes","Aéreo","Atendimento / SAC","Dificuldade de contato / acesso a outros canais (exceto SAC)","Telefone","Finalizada avaliada"
"SE","Guarulhos",2023,1,"2023-01-09","Latam Airlines (Tam)","Turismo/Viagens","Pacote / excursão / agência de turismo","Cobrança / Contestação","Dificuldade / atraso na devolução de valores pagos / reembolso / retenção de valores","Internet","Finalizada avaliada"
"SE","Guarulhos",2023,1,"2023-01-10","Gol Linhas Aéreas","Transportes","Aéreo","Vício de Qualidade","Atraso de voo","Internet","Finalizada avaliada"
"SE","Guarulhos",2023,1,"2023-01-11","Cabo Verde Airlines","Transportes","Aéreo","Cobrança / Contestação","Dificuldade / atraso na devolução de valores pagos / reembolso / retenção de valores","Domicílio","Finalizada não avaliada"
"SE","Guarulhos",2023,1,"2023-01-13","Gol Linhas Aéreas","Transportes","Aéreo","Vício de Qualidade","Falta de acesso a comunicação, alimentação, acomodação e/ou traslado em caso de atraso, cancelamento ou interrupção de voo","Internet","Finalizada não avaliada"
"SE","Guarulhos",2023,1,"2023-01-15","Latam Airlines (Tam)","Transportes","Aéreo","Cobrança / Contestação","Cobrança de tarifas, taxas, valores não previstos / não informados","Internet","Finalizada avaliada"
"SE","Guarulhos",2023,1,"2023-01-15","Gol Linhas Aéreas","Transportes","Aéreo","Cobrança / Contestação","Dificuldade / atraso na devolução de valores pagos / reembolso / retenção de valores","Internet","Finalizada não avaliada"
"SE","Guarulhos",2023,1,"2023-01-15","Gol Linhas Aéreas","Serviços Financeiros","Seguro Viagem","Atendimento / SAC","Dificuldade de contato / acesso a outros canais (exceto SAC)","Internet","Finalizada não avaliada"
"SE","Guarulhos",2023,1,"2023-01-16","Gol Linhas Aéreas","Transportes","Aéreo","Cobrança / Contestação","Cobrança indevida / abusiva para alterar ou cancelar o contrato","Telefone","Finalizada não avaliada"
"SE","Guarulhos",2023,1,"2023-01-17","TAP Air Portugal","Serviços Financeiros","Seguro Viagem","Atendimento / SAC","SAC - Demanda não resolvida / não respondida / respondida após o prazo","Internet","Finalizada avaliada"
"SE","Guarulhos",2023,1,"2023-01-17","Gol Linhas Aéreas","Transportes","Aéreo","Atendimento / SAC","Má qualidade no atendimento presencial ou outros canais (exceto SAC)","Internet","Finalizada avaliada"
"SE","Guarulhos",2023,1,"2023-01-17","Gol Linhas Aéreas","Transportes","Aéreo","Cobrança / Contestação","Dificuldade / atraso na devolução de valores pagos / reembolso / retenção de valores","Internet","Finalizada não avaliada"
"SE","Guarulhos",2023,1,"2023-01-18","Alitalia","Transportes","Aéreo","Vício de Qualidade","Cancelamento de voo","Internet","Finalizada avaliada"
"SE","Guarulhos",2023,1,"2023-01-20","Latam Airlines (Tam)","Transportes","Aéreo","Cobrança / Contestação","Dificuldade / atraso na devolução de valores pagos / reembolso / retenção de valores","Internet","Finalizada avaliada"
"SE","Guarulhos",2023,1,"2023-01-20","Alitalia","Transportes","Aéreo","Vício de Qualidade","Cancelamento de voo","Internet","Finalizada não avaliada"
"SE","Guarulhos",2023,1,"2023-01-20","Latam Airlines (Tam)","Transportes","Aéreo","Contrato / Oferta","Dificuldade / demora para alterar o contrato de serviço (alteração de voo)","Internet","Finalizada não avaliada"
"SE","Guarulhos",2023,1,"2023-01-21","Azul Linhas Aéreas","Transportes","Aéreo","Contrato / Oferta","Oferta não cumprida / serviço não fornecido/ venda enganosa / publicidade enganosa","Internet","Finalizada não avaliada"
"SE","Guarulhos",2023,1,"2023-01-24","Latam Airlines (Tam)","Transportes","Aéreo","Contrato / Oferta","Oferta não cumprida / serviço não fornecido/ venda enganosa / publicidade enganosa","Internet","Finalizada avaliada"
"SE","Guarulhos",2023,1,"2023-01-24","Latam Airlines (Tam)","Transportes","Aéreo","Cobrança / Contestação","Dificuldade / atraso na devolução de valores pagos / reembolso / retenção de valores","Internet","Finalizada avaliada"
"SE","Guarulhos",2023,1,"2023-01-24","Latam Airlines (Tam)","Transportes","Aéreo","Vício de Qualidade","Extravio/ avaria de bagagem, carga, correspondência (ressarcimento, indenizações)","Não comprei / contratei","Finalizada avaliada"
"SE","Guarulhos",2023,1,"2023-01-25","Latam Airlines (Tam)","Transportes","Aéreo","Informação","Informações incompletas / inadequadas sobre o serviço","Internet","Finalizada avaliada"
"SE","Guarulhos",2023,1,"2023-01-25","Gol Linhas Aéreas","Transportes","Aéreo","Cobrança / Contestação","Dificuldade / atraso na devolução de valores pagos / reembolso / retenção de valores","Internet","Finalizada avaliada"
"SE","Guarulhos",2023,1,"2023-01-26","Latam Airlines (Tam)","Transportes","Aéreo","Cobrança / Contestação","Dificuldade / atraso na devolução de valores pagos / reembolso / retenção de valores","Internet","Finalizada avaliada"
"SE","Guarulhos",2023,1,"2023-01-26","Latam Airlines (Tam)","Transportes","Aéreo","Contrato / Oferta","Dificuldade / demora para cancelar o serviço ","Ganhei de presente","Finalizada avaliada"
"SE","Guarulhos",2023,1,"2023-01-26","Latam Airlines (Tam)","Turismo/Viagens","Pacote / excursão / agência de turismo","Cobrança / Contestação","Dificuldade / atraso na devolução de valores pagos / reembolso / retenção de valores","Internet","Finalizada não avaliada"
"SE","Guarulhos",2023,1,"2023-01-26","Gol Linhas Aéreas","Transportes","Aéreo","Cobrança / Contestação","Cobrança indevida / abusiva para alterar ou cancelar o contrato","Internet","Finalizada não avaliada"
"SE","Guarulhos",2023,1,"2023-01-26","Latam Airlines (Tam)","Demais Serviços ","Programas de Fidelidade / Benefícios (pontos, milhagem etc)","Dados Pessoais e Privacidade","Dificuldade de cancelamento / eliminação de dados / revogação do consentimento","Não comprei / contratei","Finalizada avaliada"
"SE","Guarulhos",2023,1,"2023-01-27","Gol Linhas Aéreas","Demais Serviços ","Programas de Fidelidade / Benefícios (pontos, milhagem etc)","Atendimento / SAC","Dificuldade de contato / demora no atendimento","Internet","Finalizada avaliada"
"SE","Guarulhos",2023,1,"2023-01-27","Azul Linhas Aéreas","Transportes","Aéreo","Cobrança / Contestação","Cobrança indevida / abusiva para alterar ou cancelar o contrato","Internet","Finalizada avaliada"
"SE","Guarulhos",2023,1,"2023-01-30","Azul Linhas Aéreas","Transportes","Aéreo","Contrato / Oferta","Dificuldade / demora para alterar o contrato de serviço (alteração de voo)","Internet","Finalizada avaliada"
"SE","Guarulhos",2023,1,"2023-01-31","Latam Airlines (Tam)","Transportes","Aéreo","Vício de Qualidade","Extravio/ avaria de bagagem, carga, correspondência (ressarcimento, indenizações)","Internet","Finalizada avaliada"
"SE","Guarulhos",2023,1,"2023-01-31","TAAG - Linhas Aéreas de Angola","Transportes","Aéreo","Atendimento / SAC","Dificuldade de contato / acesso a outros canais (exceto SAC)","Internet","Finalizada não avaliada"
"SE","Guarulhos",2023,1,"2023-01-31","Sky Airline","Transportes","Aéreo","Contrato / Oferta","Oferta não cumprida / serviço não fornecido/ venda enganosa / publicidade enganosa","Internet","Finalizada avaliada"
"SE","Guarulhos",2023,2,"2023-02-01","Gol Linhas Aéreas","Transportes","Aéreo","Atendimento / SAC","Má qualidade no atendimento presencial ou outros canais (exceto SAC)","Internet","Finalizada avaliada"
"SE","Guarulhos",2023,2,"2023-02-02","Latam Airlines (Tam)","Demais Serviços ","Programas de Fidelidade / Benefícios (pontos, milhagem etc)","Cobrança / Contestação","Dificuldade / atraso na devolução de valores pagos / reembolso / retenção de valores","Internet","Finalizada não avaliada"
"SE","Guarulhos",2023,2,"2023-02-03","Latam Airlines (Tam)","Transportes","Aéreo","Atendimento / SAC","SAC - Demanda não resolvida / não respondida / respondida após o prazo","Internet","Finalizada avaliada"
"SE","Guarulhos",2023,2,"2023-02-03","Latam Airlines (Tam)","Transportes","Cargas e Encomendas","Atendimento / SAC","Má qualidade no atendimento (descortesia / despreparo/ constrangimento)","Telefone","Finalizada avaliada"
"SE","Guarulhos",2023,2,"2023-02-03","Lufthansa","Transportes","Aéreo","Cobrança / Contestação","Dificuldade / atraso na devolução de valores pagos / reembolso / retenção de valores","Internet","Finalizada não avaliada"
"SE","Guarulhos",2023,2,"2023-02-04","Gol Linhas Aéreas","Transportes","Aéreo","Vício de Qualidade","Atraso de voo","Internet","Finalizada não avaliada"
"SE","Guarulhos",2023,2,"2023-02-04","American Airlines","Transportes","Aéreo","Cobrança / Contestação","Dificuldade / atraso na devolução de valores pagos / reembolso / retenção de valores","Internet","Finalizada não avaliada"
"SE","Guarulhos",2023,2,"2023-02-04","Latam Airlines (Tam)","Demais Serviços ","Programas de Fidelidade / Benefícios (pontos, milhagem etc)","Entrega do Produto","Não entrega / demora na entrega do produto","Internet","Finalizada avaliada"
"SE","Guarulhos",2023,2,"2023-02-06","Boliviana de Aviación - BoA","Transportes","Aéreo","Contrato / Oferta","Dificuldade / demora para cancelar o serviço ","Internet","Finalizada avaliada"
"SE","Guarulhos",2023,2,"2023-02-07","TAP Air Portugal","Transportes","Aéreo","Cobrança / Contestação","Dificuldade / atraso na devolução de valores pagos / reembolso / retenção de valores","Internet","Finalizada avaliada"
"SE","Guarulhos",2023,2,"2023-02-07","Latam Airlines (Tam)","Transportes","Aéreo","Vício de Qualidade","Falha de segurança (furto, roubo, violação)","Internet","Finalizada não avaliada"
"SE","Guarulhos",2023,2,"2023-02-07","Gol Linhas Aéreas","Transportes","Aéreo","Atendimento / SAC","Falta de atendimento prioritário","Loja física","Finalizada não avaliada"
"SE","Guarulhos",2023,2,"2023-02-08","Gol Linhas Aéreas","Transportes","Aéreo","Contrato / Oferta","Oferta não cumprida / serviço não fornecido/ venda enganosa / publicidade enganosa","Não comprei / contratei","Finalizada avaliada"
"SE","Guarulhos",2023,2,"2023-02-10","Latam Airlines (Tam)","Transportes","Aéreo","Atendimento / SAC","Má qualidade no atendimento presencial ou outros canais (exceto SAC)","Telefone","Finalizada avaliada"
"SE","Guarulhos",2023,2,"2023-02-11","Azul Linhas Aéreas","Transportes","Aéreo","Contrato / Oferta","Dificuldade / demora para alterar o contrato de serviço (alteração de voo)","Internet","Finalizada avaliada"
"SE","Guarulhos",2023,2,"2023-02-12","Iberia Lineas Aereas","Transportes","Aéreo","Vício de Qualidade","Extravio/ avaria de bagagem, carga, correspondência (ressarcimento, indenizações)","Internet","Finalizada avaliada"
"SE","Guarulhos",2023,2,"2023-02-13","Viva Air","Transportes","Aéreo","Atendimento / SAC","SAC - Demanda não resolvida / não respondida / respondida após o prazo","Internet","Finalizada avaliada"
"SE","Guarulhos",2023,2,"2023-02-13","Latam Airlines (Tam)","Transportes","Aéreo","Vício de Qualidade","Extravio/ avaria de bagagem, carga, correspondência (ressarcimento, indenizações)","Internet","Finalizada avaliada"
"SE","Guarulhos",2023,2,"2023-02-14","Gol Linhas Aéreas","Transportes","Aéreo","Cobrança / Contestação","Dificuldade / atraso na devolução de valores pagos / reembolso / retenção de valores","Internet","Finalizada não avaliada"
"SE","Guarulhos",2023,2,"2023-02-14","TAP Air Portugal","Transportes","Aéreo","Atendimento / SAC","SAC - Demanda não resolvida / não respondida / respondida após o prazo","Internet","Finalizada não avaliada"
"SE","Guarulhos",2023,2,"2023-02-15","Gol Linhas Aéreas","Transportes","Aéreo","Cobrança / Contestação","Cobrança em duplicidade / Cobrança referente a pagamento já efetuado","Internet","Finalizada avaliada"
"SE","Guarulhos",2023,2,"2023-02-15","Gol Linhas Aéreas","Transportes","Cargas e Encomendas","Vício de Qualidade","Extravio/ avaria de bagagem, carga, correspondência (ressarcimento, indenizações)","Internet","Finalizada avaliada"
"SE","Guarulhos",2023,2,"2023-02-15","Gol Linhas Aéreas","Serviços Financeiros","Seguro Viagem","Cobrança / Contestação","Cobrança em duplicidade / Cobrança referente a pagamento já efetuado","Internet","Finalizada avaliada"
"SE","Guarulhos",2023,2,"2023-02-15","Latam Airlines (Tam)","Demais Serviços ","Programas de Fidelidade / Benefícios (pontos, milhagem etc)","Dados Pessoais e Privacidade","Vazamento de dados ou outros incidentes de segurança (acessos não autorizados e situações acidentais ou ilícitas de destruição, perda, alteração, comunicação ou tratamento inadequado ou ilícito)","Internet","Finalizada não avaliada"
"SE","Guarulhos",2023,2,"2023-02-16","Alitalia","Transportes","Aéreo","Cobrança / Contestação","Dificuldade / atraso na devolução de valores pagos / reembolso / retenção de valores","Internet","Finalizada avaliada"
"SE","Guarulhos",2023,2,"2023-02-16","TAP Air Portugal","Transportes","Aéreo","Vício de Qualidade","Extravio/ avaria de bagagem, carga, correspondência (ressarcimento, indenizações)","Internet","Finalizada avaliada"
"SE","Guarulhos",2023,2,"2023-02-16","Latam Airlines (Tam)","Demais Serviços ","Programas de Fidelidade / Benefícios (pontos, milhagem etc)","Atendimento / SAC","Dificuldade de contato / demora no atendimento","Internet","Finalizada avaliada"
"SE","Guarulhos",2023,2,"2023-02-17","Latam Airlines (Tam)","Transportes","Aéreo","Vício de Qualidade","Extravio/ avaria de bagagem, carga, correspondência (ressarcimento, indenizações)","Internet","Finalizada avaliada"
"SE","Guarulhos",2023,2,"2023-02-18","Aerolíneas Argentinas","Transportes","Aéreo","Cobrança / Contestação","Cobrança em duplicidade / Cobrança referente a pagamento já efetuado","Internet","Finalizada avaliada"
"SE","Guarulhos",2023,2,"2023-02-20","Latam Airlines (Tam)","Demais Serviços ","Programas de Fidelidade / Benefícios (pontos, milhagem etc)","Cobrança / Contestação","Cobrança por serviço não fornecido/ em desacordo com a utilização / fora do prazo","Não comprei / contratei","Finalizada avaliada"
"SE","Guarulhos",2023,2,"2023-02-24","Gol Linhas Aéreas","Transportes","Cargas e Encomendas","Vício de Qualidade","Extravio/ avaria de bagagem, carga, correspondência (ressarcimento, indenizações)","Internet","Finalizada avaliada"
"SE","Guarulhos",2023,2,"2023-02-25","Gol Linhas Aéreas","Transportes","Aéreo","Contrato / Oferta","Oferta não cumprida / serviço não fornecido/ venda enganosa / publicidade enganosa","Internet","Finalizada avaliada"
"SE","Guarulhos",2023,2,"2023-02-26","Latam Airlines (Tam)","Transportes","Aéreo","Cobrança / Contestação","Cobrança indevida / abusiva para alterar ou cancelar o contrato","Internet","Finalizada avaliada"
"SE","Guarulhos",2023,2,"2023-02-27","Latam Airlines (Tam)","Transportes","Aéreo","Atendimento / SAC","SAC - Demanda não resolvida / não respondida / respondida após o prazo","Internet","Finalizada avaliada"
"SE","Guarulhos",2023,2,"2023-02-27","Latam Airlines (Tam)","Demais Serviços ","Programas de Fidelidade / Benefícios (pontos, milhagem etc)","Atendimento / SAC","Dificuldade de contato / demora no atendimento","Internet","Finalizada não avaliada"
"SE","Guarulhos",2023,2,"2023-02-27","Latam Airlines (Tam)","Demais Serviços ","Programas de Fidelidade / Benefícios (pontos, milhagem etc)","Atendimento / SAC","Dificuldade de contato / demora no atendimento","Internet","Finalizada não avaliada"
"SE","Guarulhos",2023,2,"2023-02-27","Gol Linhas Aéreas","Demais Serviços ","Programas de Fidelidade / Benefícios (pontos, milhagem etc)","Contrato / Oferta","Oferta não cumprida / serviço não fornecido/ venda enganosa / publicidade enganosa","Telefone","Finalizada não avaliada"
"SE","Guarulhos",2023,2,"2023-02-28","Latam Airlines (Tam)","Transportes","Aéreo","Atendimento / SAC","SAC - Dificuldade para cancelar o serviço","Internet","Finalizada avaliada"
"SE","Guarulhos",2023,3,"2023-03-01","Latam Airlines (Tam)","Serviços Financeiros","Seguro Viagem","Atendimento / SAC","SAC - Dificuldade em obter protocolo, gravação ou histórico","Internet","Finalizada avaliada"
"SE","Guarulhos",2023,3,"2023-03-01","Gol Linhas Aéreas","Transportes","Aéreo","Cobrança / Contestação","Cobrança indevida / abusiva para alterar ou cancelar o contrato","Internet","Finalizada avaliada"
"SE","Guarulhos",2023,3,"2023-03-02","Azul Linhas Aéreas","Transportes","Aéreo","Cobrança / Contestação","Dificuldade / atraso na devolução de valores pagos / reembolso / retenção de valores","Internet","Finalizada avaliada"
"SE","Guarulhos",2023,3,"2023-03-02","Latam Airlines (Tam)","Transportes","Aéreo","Contrato / Oferta","Dificuldades com Programas de Fidelidade / Pontuação (resgate, alteração, transferência etc)","Não comprei / contratei","Finalizada avaliada"
"SE","Guarulhos",2023,3,"2023-03-02","KLM","Transportes","Aéreo","Contrato / Oferta","Não entrega do contrato ou documentação relacionada ao serviço","Internet","Finalizada não avaliada"
"SE","Guarulhos",2023,3,"2023-03-02","Azul Linhas Aéreas","Transportes","Aéreo","Cobrança / Contestação","Dificuldade / atraso na devolução de valores pagos / reembolso / retenção de valores","Internet","Finalizada não avaliada"
"SE","Guarulhos",2023,3,"2023-03-03","Latam Airlines (Tam)","Transportes","Aéreo","Vício de Qualidade","Extravio/ avaria de bagagem, carga, correspondência (ressarcimento, indenizações)","Internet","Finalizada avaliada"
"SE","Guarulhos",2023,3,"2023-03-03","Gol Linhas Aéreas","Demais Serviços ","Programas de Fidelidade / Benefícios (pontos, milhagem etc)","Dados Pessoais e Privacidade","Dificuldade de acesso a dados pessoais ou financeiros","Internet","Finalizada não avaliada"
"SE","Guarulhos",2023,3,"2023-03-06","Gol Linhas Aéreas","Transportes","Aéreo","Informação","Informações incompletas / inadequadas sobre o serviço","Internet","Finalizada avaliada"
"SE","Guarulhos",2023,3,"2023-03-06","Latam Airlines (Tam)","Transportes","Aéreo","Contrato / Oferta","Oferta não cumprida / serviço não fornecido/ venda enganosa / publicidade enganosa","Internet","Finalizada não avaliada"
"SE","Guarulhos",2023,3,"2023-03-06","Latam Airlines (Tam)","Transportes","Aéreo","Cobrança / Contestação","Dificuldade / atraso na devolução de valores pagos / reembolso / retenção de valores","Internet","Finalizada avaliada"
"SE","Guarulhos",2023,3,"2023-03-12","Latam Airlines (Tam)","Transportes","Aéreo","Contrato / Oferta","Oferta não cumprida / serviço não fornecido/ venda enganosa / publicidade enganosa","Internet","Finalizada avaliada"
"SE","Guarulhos",2023,3,"2023-03-13","Latam Airlines (Tam)","Transportes","Aéreo","Atendimento / SAC","SAC - Demanda não resolvida / não respondida / respondida após o prazo","Internet","Finalizada avaliada"
"SE","Guarulhos",2023,3,"2023-03-13","TAP Air Portugal","Transportes","Aéreo","Vício de Qualidade","Extravio/ avaria de bagagem, carga, correspondência (ressarcimento, indenizações)","Internet","Finalizada não avaliada"
"SE","Guarulhos",2023,3,"2023-03-13","Latam Airlines (Tam)","Transportes","Aéreo","Cobrança / Contestação","Cobrança indevida / abusiva para alterar ou cancelar o contrato","Internet","Finalizada avaliada"
"SE","Guarulhos",2023,3,"2023-03-14","TAP Air Portugal","Transportes","Aéreo","Atendimento / SAC","SAC - Demanda não resolvida / não respondida / respondida após o prazo","Internet","Finalizada avaliada"
"SE","Guarulhos",2023,3,"2023-03-14","Gol Linhas Aéreas","Transportes","Aéreo","Cobrança / Contestação","Dificuldade / atraso na devolução de valores pagos / reembolso / retenção de valores","Internet","Finalizada avaliada"
"SE","Guarulhos",2023,3,"2023-03-15","Latam Airlines (Tam)","Transportes","Aéreo","Atendimento / SAC","Má qualidade no atendimento presencial ou outros canais (exceto SAC)","Loja física","Finalizada não avaliada"
"SE","Guarulhos",2023,3,"2023-03-17","Latam Airlines (Tam)","Transportes","Aéreo","Contrato / Oferta","Oferta não cumprida / serviço não fornecido/ venda enganosa / publicidade enganosa","Telefone","Finalizada avaliada"
"SE","Guarulhos",2023,3,"2023-03-20","Latam Airlines (Tam)","Demais Serviços ","Programas de Fidelidade / Benefícios (pontos, milhagem etc)","Cobrança / Contestação","Dificuldade / atraso na devolução de valores pagos / reembolso / retenção de valores","Internet","Finalizada avaliada"
"SE","Guarulhos",2023,3,"2023-03-20","Gol Linhas Aéreas","Serviços Financeiros","Seguro Viagem","Cobrança / Contestação","Dificuldade / atraso na devolução de valores pagos / reembolso / retenção de valores","Internet","Finalizada avaliada"
"SE","Guarulhos",2023,3,"2023-03-20","Azul Linhas Aéreas","Transportes","Aéreo","Vício de Qualidade","Falta de acesso a comunicação, alimentação, acomodação e/ou traslado em caso de atraso, cancelamento ou interrupção de voo","Internet","Finalizada avaliada"
"SE","Guarulhos",2023,3,"2023-03-22","Gol Linhas Aéreas","Transportes","Aéreo","Vício de Qualidade","Extravio/ avaria de bagagem, carga, correspondência (ressarcimento, indenizações)","Internet","Finalizada avaliada"
"SE","Guarulhos",2023,3,"2023-03-24","American Airlines","Transportes","Aéreo","Atendimento / SAC","SAC - Demanda não resolvida / não respondida / respondida após o prazo","Internet","Finalizada avaliada"
"SE","Guarulhos",2023,3,"2023-03-24","Gol Linhas Aéreas","Transportes","Aéreo","Saúde e Segurança","Risco, dano físico ou mal estar decorrente da prestação do serviço/utilização do produto","Internet","Finalizada não avaliada"
"SE","Guarulhos",2023,3,"2023-03-24","Gol Linhas Aéreas","Transportes","Aéreo","Atendimento / SAC","Falta de atendimento prioritário","Internet","Finalizada não avaliada"
"SE","Guarulhos",2023,3,"2023-03-24","Gol Linhas Aéreas","Transportes","Aéreo","Cobrança / Contestação","Cobrança por serviço/produto não contratado / não reconhecido / não solicitado","Internet","Finalizada avaliada"
"SE","Guarulhos",2023,3,"2023-03-25","Gol Linhas Aéreas","Demais Serviços ","Programas de Fidelidade / Benefícios (pontos, milhagem etc)","Dados Pessoais e Privacidade","Dificuldade de reclamar ou de obter tratamento a reclamação sobre dados pessoais ou financeiros","Não comprei / contratei","Finalizada avaliada"
"SE","Guarulhos",2023,3,"2023-03-25","Azul Linhas Aéreas","Transportes","Aéreo","Contrato / Oferta","Dificuldade / demora para alterar o contrato de serviço (alteração de voo)","Internet","Finalizada avaliada"
"SE","Guarulhos",2023,3,"2023-03-26","Latam Airlines (Tam)","Demais Serviços ","Programas de Fidelidade / Benefícios (pontos, milhagem etc)","Contrato / Oferta","Oferta não cumprida / serviço não fornecido/ venda enganosa / publicidade enganosa","Internet","Finalizada avaliada"
"SE","Guarulhos",2023,3,"2023-03-27","Gol Linhas Aéreas","Transportes","Aéreo","Cobrança / Contestação","Dificuldade / atraso na devolução de valores pagos / reembolso / retenção de valores","Internet","Finalizada não avaliada"
"SE","Guarulhos",2023,3,"2023-03-28","Latam Airlines (Tam)","Transportes","Aéreo","Vício de Qualidade","Extravio/ avaria de bagagem, carga, correspondência (ressarcimento, indenizações)","Internet","Finalizada avaliada"
"SE","Guarulhos",2023,3,"2023-03-29","Latam Airlines (Tam)","Transportes","Aéreo","Cobrança / Contestação","Dificuldade / atraso na devolução de valores pagos / reembolso / retenção de valores","Internet","Finalizada avaliada"
"SE","Guarulhos",2023,3,"2023-03-30","Aeromexico","Transportes","Aéreo","Cobrança / Contestação","Cobrança em duplicidade / Cobrança referente a pagamento já efetuado","Internet","Finalizada não avaliada"
"SE","Guarulhos",2023,4,"2023-04-01","Latam Airlines (Tam)","Transportes","Aéreo","Cobrança / Contestação","Dificuldade / atraso na devolução de valores pagos / reembolso / retenção de valores","Internet","Finalizada avaliada"
"SE","Guarulhos",2023,4,"2023-04-04","Gol Linhas Aéreas","Transportes","Aéreo","Vício de Qualidade","Cancelamento de voo","Internet","Finalizada avaliada"
"SE","Guarulhos",2023,4,"2023-04-04","Gol Linhas Aéreas","Demais Serviços ","Programas de Fidelidade / Benefícios (pontos, milhagem etc)","Cobrança / Contestação","Cobrança indevida / abusiva para alterar ou cancelar o contrato","Internet","Finalizada não avaliada"
"SE","Guarulhos",2023,4,"2023-04-06","Latam Airlines (Tam)","Transportes","Aéreo","Contrato / Oferta","Oferta não cumprida / serviço não fornecido/ venda enganosa / publicidade enganosa","Internet","Finalizada não avaliada"
"SE","Guarulhos",2023,4,"2023-04-10","TAP Air Portugal","Demais Serviços ","Programas de Fidelidade / Benefícios (pontos, milhagem etc)","Cobrança / Contestação","Dificuldade / atraso na devolução de valores pagos / reembolso / retenção de valores","Internet","Finalizada não avaliada"
"SE","Guarulhos",2023,4,"2023-04-10","Alitalia","Transportes","Aéreo","Atendimento / SAC","Dificuldade de contato / acesso a outros canais (exceto SAC)","Internet","Finalizada avaliada"
"SE","Guarulhos",2023,4,"2023-04-11","Air France","Transportes","Aéreo","Contrato / Oferta","Dificuldade / demora para alterar o contrato de serviço (alteração de voo)","Internet","Finalizada avaliada"
"SE","Guarulhos",2023,4,"2023-04-12","Latam Airlines (Tam)","Transportes","Aéreo","Vício de Qualidade","Cancelamento de voo","Internet","Finalizada não avaliada"
"SE","Guarulhos",2023,4,"2023-04-12","TAP Air Portugal","Transportes","Aéreo","Cobrança / Contestação","Dificuldade / atraso na devolução de valores pagos / reembolso / retenção de valores","Internet","Finalizada avaliada"
"SE","Guarulhos",2023,4,"2023-04-13","Latam Airlines (Tam)","Transportes","Aéreo","Contrato / Oferta","Dificuldade / demora para alterar o nome do passageiro","Internet","Finalizada não avaliada"
"SE","Guarulhos",2023,4,"2023-04-13","Latam Airlines (Tam)","Transportes","Aéreo","Vício de Qualidade","Negativa de embarque de passageiro (preterição / overbooking)","Internet","Finalizada não avaliada"
"SE","Guarulhos",2023,4,"2023-04-17","Latam Airlines (Tam)","Transportes","Aéreo","Contrato / Oferta","Oferta não cumprida / serviço não fornecido/ venda enganosa / publicidade enganosa","Internet","Finalizada não avaliada"
"SE","Guarulhos",2023,4,"2023-04-17","Gol Linhas Aéreas","Transportes","Aéreo","Cobrança / Contestação","Dificuldade / atraso na devolução de valores pagos / reembolso / retenção de valores","Internet","Finalizada avaliada"
"SE","Guarulhos",2023,4,"2023-04-19","TAP Air Portugal","Transportes","Aéreo","Atendimento / SAC","Dificuldade de contato / acesso a outros canais (exceto SAC)","Internet","Finalizada avaliada"
"SE","Guarulhos",2023,4,"2023-04-20","Latam Airlines (Tam)","Transportes","Aéreo","Cobrança / Contestação","Dificuldade / atraso na devolução de valores pagos / reembolso / retenção de valores","Internet","Finalizada avaliada"
"SE","Guarulhos",2023,4,"2023-04-20","Gol Linhas Aéreas","Transportes","Aéreo","Atendimento / SAC","SAC - Demanda não resolvida / não respondida / respondida após o prazo","Internet","Finalizada avaliada"
"SE","Guarulhos",2023,4,"2023-04-20","Gol Linhas Aéreas","Transportes","Aéreo","Cobrança / Contestação","Dificuldade / atraso na devolução de valores pagos / reembolso / retenção de valores","Internet","Finalizada avaliada"
"SE","Guarulhos",2023,4,"2023-04-21","Avianca - Voos internacionais","Transportes","Aéreo","Cobrança / Contestação","Cobrança indevida / abusiva para alterar ou cancelar o contrato","Internet","Finalizada avaliada"
"SE","Guarulhos",2023,4,"2023-04-22","Latam Airlines (Tam)","Transportes","Aéreo","Contrato / Oferta","Oferta não cumprida / serviço não fornecido/ venda enganosa / publicidade enganosa","Internet","Finalizada avaliada"
"SE","Guarulhos",2023,4,"2023-04-26","Gol Linhas Aéreas","Transportes","Aéreo","Atendimento / SAC","SAC - Demanda não resolvida / não respondida / respondida após o prazo","Internet","Finalizada não avaliada"
"SE","Guarulhos",2023,4,"2023-04-26","Gol Linhas Aéreas","Transportes","Aéreo","Cobrança / Contestação","Cobrança indevida / abusiva para alterar ou cancelar o contrato","Não comprei / contratei","Finalizada avaliada"
"SE","Guarulhos",2023,4,"2023-04-26","Latam Airlines (Tam)","Transportes","Aéreo","Cobrança / Contestação","Dificuldade / atraso na devolução de valores pagos / reembolso / retenção de valores","Internet","Finalizada avaliada"
"SE","Guarulhos",2023,5,"2023-05-05","Air Canada","Transportes","Cargas e Encomendas","Entrega do Produto","Produto entregue incompleto / diferente do  pedido / danificado","Telefone","Finalizada avaliada"
"SE","Guarulhos",2023,5,"2023-05-07","Latam Airlines (Tam)","Transportes","Aéreo","Atendimento / SAC","SAC - Demanda não resolvida / não respondida / respondida após o prazo","Internet","Finalizada avaliada"
"SE","Guarulhos",2023,5,"2023-05-08","Latam Airlines (Tam)","Transportes","Aéreo","Vício de Qualidade","Extravio/ avaria de bagagem, carga, correspondência (ressarcimento, indenizações)","Internet","Finalizada avaliada"
"SE","Guarulhos",2023,5,"2023-05-10","Gol Linhas Aéreas","Transportes","Aéreo","Vício de Qualidade","Dificuldade para embarque com bagagem de mão","Internet","Finalizada não avaliada"
"SE","Guarulhos",2023,5,"2023-05-10","TAP Air Portugal","Transportes","Aéreo","Atendimento / SAC","SAC - Demanda não resolvida / não respondida / respondida após o prazo","Internet","Finalizada não avaliada"
"SE","Guarulhos",2023,5,"2023-05-11","Gol Linhas Aéreas","Transportes","Aéreo","Cobrança / Contestação","Dificuldade / atraso na devolução de valores pagos / reembolso / retenção de valores","Internet","Finalizada avaliada"
"SE","Guarulhos",2023,5,"2023-05-11","Azul Linhas Aéreas","Transportes","Aéreo","Cobrança / Contestação","Cobrança indevida / abusiva para alterar ou cancelar o contrato","Internet","Finalizada avaliada"
"SE","Guarulhos",2023,5,"2023-05-11","Latam Airlines (Tam)","Transportes","Aéreo","Contrato / Oferta","Oferta não cumprida / serviço não fornecido/ venda enganosa / publicidade enganosa","Internet","Finalizada avaliada"
"SE","Guarulhos",2023,5,"2023-05-12","Latam Airlines (Tam)","Transportes","Aéreo","Cobrança / Contestação","Cobrança indevida / abusiva para alterar ou cancelar o contrato","Internet","Finalizada avaliada"
"SE","Guarulhos",2023,5,"2023-05-15","Gol Linhas Aéreas","Transportes","Aéreo","Cobrança / Contestação","Dificuldade / atraso na devolução de valores pagos / reembolso / retenção de valores","Internet","Finalizada não avaliada"
"SE","Guarulhos",2023,5,"2023-05-15","Latam Airlines (Tam)","Transportes","Aéreo","Cobrança / Contestação","Dificuldade / atraso na devolução de valores pagos / reembolso / retenção de valores","Internet","Finalizada avaliada"
"SE","Guarulhos",2023,5,"2023-05-16","Gol Linhas Aéreas","Transportes","Aéreo","Cobrança / Contestação","Dificuldade / atraso na devolução de valores pagos / reembolso / retenção de valores","Internet","Finalizada avaliada"
"SE","Guarulhos",2023,5,"2023-05-16","Latam Airlines (Tam)","Transportes","Aéreo","Cobrança / Contestação","Cobrança indevida / abusiva para alterar ou cancelar o contrato","Internet","Finalizada não avaliada"
"SE","Guarulhos",2023,5,"2023-05-17","Gol Linhas Aéreas","Transportes","Aéreo","Vício de Qualidade","Cancelamento de voo","Internet","Finalizada avaliada"
"SE","Guarulhos",2023,5,"2023-05-17","Latam Airlines (Tam)","Transportes","Aéreo","Vício de Qualidade","Cancelamento de voo","Internet","Finalizada avaliada"
"SE","Guarulhos",2023,5,"2023-05-17","TAAG - Linhas Aéreas de Angola","Transportes","Aéreo","Saúde e Segurança","Risco, dano físico ou mal estar decorrente da prestação do serviço/utilização do produto","Internet","Finalizada avaliada"
"SE","Guarulhos",2023,5,"2023-05-18","Latam Airlines (Tam)","Transportes","Aéreo","Atendimento / SAC","Má qualidade no atendimento presencial ou outros canais (exceto SAC)","Internet","Finalizada avaliada"
"SE","Guarulhos",2023,5,"2023-05-18","Latam Airlines (Tam)","Transportes","Aéreo","Atendimento / SAC","SAC - Dificuldade de contato / acesso","Internet","Finalizada não avaliada"
"SE","Guarulhos",2023,5,"2023-05-19","Gol Linhas Aéreas","Transportes","Aéreo","Atendimento / SAC","Dificuldade de contato / acesso a outros canais (exceto SAC)","Internet","Finalizada avaliada"
"SE","Guarulhos",2023,5,"2023-05-19","Gol Linhas Aéreas","Transportes","Aéreo","Contrato / Oferta","Dificuldade para contratar o serviço (problema operacionais, acesso aos canais de venda etc)","Não comprei / contratei","Finalizada avaliada"
"SE","Guarulhos",2023,5,"2023-05-20","Gol Linhas Aéreas","Transportes","Aéreo","Atendimento / SAC","Falta de atendimento prioritário","Internet","Finalizada não avaliada"
"SE","Guarulhos",2023,5,"2023-05-22","Latam Airlines (Tam)","Transportes","Aéreo","Atendimento / SAC","Má qualidade no atendimento presencial ou outros canais (exceto SAC)","Internet","Finalizada não avaliada"
"SE","Guarulhos",2023,5,"2023-05-22","Latam Airlines (Tam)","Transportes","Aéreo","Cobrança / Contestação","Cobrança de tarifas, taxas, valores não previstos / não informados","Internet","Finalizada avaliada"
"SE","Guarulhos",2023,5,"2023-05-23","Azul Linhas Aéreas","Transportes","Aéreo","Contrato / Oferta","Dificuldades com Programas de Fidelidade / Pontuação (resgate, alteração, transferência etc)","Internet","Finalizada não avaliada"
"SE","Guarulhos",2023,5,"2023-05-24","Gol Linhas Aéreas","Transportes","Aéreo","Vício de Qualidade","Atraso de voo","Internet","Finalizada avaliada"
"SE","Guarulhos",2023,5,"2023-05-24","Gol Linhas Aéreas","Transportes","Aéreo","Cobrança / Contestação","Dificuldade / atraso na devolução de valores pagos / reembolso / retenção de valores","Loja física","Finalizada não avaliada"
"SE","Guarulhos",2023,5,"2023-05-27","Gol Linhas Aéreas","Transportes","Aéreo","Cobrança / Contestação","Dificuldade / atraso na devolução de valores pagos / reembolso / retenção de valores","Internet","Finalizada não avaliada"
"SE","Guarulhos",2023,5,"2023-05-28","Gol Linhas Aéreas","Transportes","Aéreo","Vício de Qualidade","Negativa de embarque de passageiro (preterição / overbooking)","Loja física","Finalizada avaliada"
"SE","Guarulhos",2023,5,"2023-05-29","Latam Airlines (Tam)","Transportes","Aéreo","Atendimento / SAC","SAC - Demanda não resolvida / não respondida / respondida após o prazo","Internet","Finalizada não avaliada"
"SE","Guarulhos",2023,5,"2023-05-29","Azul Linhas Aéreas","Transportes","Aéreo","Cobrança / Contestação","Cobrança indevida / abusiva para alterar ou cancelar o contrato","Internet","Finalizada avaliada"
"SE","Guarulhos",2023,5,"2023-05-30","Latam Airlines (Tam)","Transportes","Aéreo","Vício de Qualidade","Cancelamento de voo","Internet","Finalizada avaliada"
"SE","Guarulhos",2023,6,"2023-06-04","Latam Airlines (Tam)","Transportes","Aéreo","Atendimento / SAC","Má qualidade no atendimento presencial ou outros canais (exceto SAC)","Internet","Finalizada avaliada"
"SE","Guarulhos",2023,6,"2023-06-06","Gol Linhas Aéreas","Transportes","Aéreo","Contrato / Oferta","Dificuldade / demora para alterar o nome do passageiro","Internet","Finalizada avaliada"
"SE","Guarulhos",2023,6,"2023-06-06","Latam Airlines (Tam)","Transportes","Aéreo","Atendimento / SAC","Má qualidade no atendimento presencial ou outros canais (exceto SAC)","Internet","Finalizada avaliada"
"SE","Guarulhos",2023,6,"2023-06-07","Alitalia","Transportes","Aéreo","Cobrança / Contestação","Dificuldade / atraso na devolução de valores pagos / reembolso / retenção de valores","Internet","Finalizada não avaliada"
"SE","Guarulhos",2023,6,"2023-06-13","Azul Linhas Aéreas","Transportes","Aéreo","Contrato / Oferta","Cancelamento indevido da passagem de volta","Internet","Finalizada avaliada"
"SE","Guarulhos",2023,6,"2023-06-15","Gol Linhas Aéreas","Transportes","Aéreo","Cobrança / Contestação","Dificuldade / atraso na devolução de valores pagos / reembolso / retenção de valores","Loja física","Finalizada avaliada"
"SE","Guarulhos",2023,6,"2023-06-15","Gol Linhas Aéreas","Transportes","Aéreo","Contrato / Oferta","Dificuldade / demora para cancelar o serviço ","Internet","Finalizada avaliada"
"SE","Guarulhos",2023,6,"2023-06-15","Gol Linhas Aéreas","Transportes","Aéreo","Cobrança / Contestação","Cobrança indevida / abusiva para alterar ou cancelar o contrato","Internet","Finalizada avaliada"
"SE","Guarulhos",2023,6,"2023-06-16","Azul Linhas Aéreas","Transportes","Aéreo","Informação","Informações incompletas / inadequadas sobre o serviço","Internet","Finalizada não avaliada"
"SE","Guarulhos",2023,6,"2023-06-16","Azul Linhas Aéreas","Transportes","Aéreo","Saúde e Segurança","Risco, dano físico ou mal estar decorrente da prestação do serviço/utilização do produto","Internet","Finalizada não avaliada"
"SE","Guarulhos",2023,6,"2023-06-16","Flybondi","Transportes","Aéreo","Informação","Informações incompletas / inadequadas sobre o serviço","Internet","Finalizada não avaliada"
"SE","Guarulhos",2023,6,"2023-06-17","Gol Linhas Aéreas","Transportes","Aéreo","Cobrança / Contestação","Cobrança de tarifas, taxas, valores não previstos / não informados","Internet","Finalizada avaliada"
"SE","Guarulhos",2023,6,"2023-06-19","Copa Airlines","Transportes","Aéreo","Cobrança / Contestação","Cobrança indevida / abusiva para alterar ou cancelar o contrato","Telefone","Finalizada avaliada"
"SE","Guarulhos",2023,6,"2023-06-19","Copa Airlines","Transportes","Aéreo","Vício de Qualidade","Atraso de voo","Internet","Finalizada não avaliada"
"SE","Guarulhos",2023,6,"2023-06-19","JetSMART Airlines - Chile","Transportes","Aéreo","Atendimento / SAC","SAC - Dificuldade para cancelar o serviço","Internet","Finalizada avaliada"
"SE","Guarulhos",2023,6,"2023-06-22","Gol Linhas Aéreas","Transportes","Aéreo","Cobrança / Contestação","Dificuldade / atraso na devolução de valores pagos / reembolso / retenção de valores","Internet","Finalizada avaliada"
"SE","Guarulhos",2023,6,"2023-06-22","Gol Linhas Aéreas","Transportes","Aéreo","Vício de Qualidade","Cancelamento de voo","Internet","Finalizada não avaliada"
"SE","Guarulhos",2023,6,"2023-06-22","Azul Linhas Aéreas","Transportes","Aéreo","Cobrança / Contestação","Cobrança indevida / abusiva para alterar ou cancelar o contrato","Internet","Finalizada avaliada"
"SE","Guarulhos",2023,6,"2023-06-24","Azul Linhas Aéreas","Transportes","Aéreo","Contrato / Oferta","Dificuldade / demora para alterar o contrato de serviço (alteração de voo)","Internet","Finalizada avaliada"
"SE","Guarulhos",2023,6,"2023-06-26","Azul Linhas Aéreas","Transportes","Aéreo","Cobrança / Contestação","Dificuldade / atraso na devolução de valores pagos / reembolso / retenção de valores","Internet","Finalizada avaliada"
"SE","Guarulhos",2023,6,"2023-06-26","Latam Airlines (Tam)","Transportes","Aéreo","Contrato / Oferta","Dificuldade para contratar o serviço (problema operacionais, acesso aos canais de venda etc)","Telefone","Finalizada avaliada"
"SE","Guarulhos",2023,6,"2023-06-27","Gol Linhas Aéreas","Transportes","Aéreo","Cobrança / Contestação","Cobrança indevida / abusiva para alterar ou cancelar o contrato","Internet","Finalizada avaliada"
"SE","Guarulhos",2023,6,"2023-06-28","Gol Linhas Aéreas","Transportes","Aéreo","Saúde e Segurança","Risco, dano físico ou mal estar decorrente da prestação do serviço/utilização do produto","Internet","Finalizada não avaliada"
"SE","Guarulhos",2023,6,"2023-06-29","Latam Airlines (Tam)","Demais Serviços ","Programas de Fidelidade / Benefícios (pontos, milhagem etc)","Cobrança / Contestação","Cobrança indevida / abusiva para alterar ou cancelar o contrato","Internet","Finalizada não avaliada"
"SE","Guarulhos",2023,6,"2023-06-29","Gol Linhas Aéreas","Transportes","Aéreo","Atendimento / SAC","SAC - Demanda não resolvida / não respondida / respondida após o prazo","Loja física","Finalizada avaliada"
"SE","Guarulhos",2023,6,"2023-06-30","Gol Linhas Aéreas","Transportes","Aéreo","Vício de Qualidade","Extravio/ avaria de bagagem, carga, correspondência (ressarcimento, indenizações)","Internet","Finalizada não avaliada"
"SE","Guarulhos",2023,7,"2023-07-02","Azul Linhas Aéreas","Transportes","Aéreo","Cobrança / Contestação","Dificuldade / atraso na devolução de valores pagos / reembolso / retenção de valores","Telefone","Finalizada avaliada"
"SE","Guarulhos",2023,7,"2023-07-04","Gol Linhas Aéreas","Transportes","Aéreo","Atendimento / SAC","SAC - Demanda não resolvida / não respondida / respondida após o prazo","Internet","Finalizada não avaliada"
"SE","Guarulhos",2023,7,"2023-07-04","Gol Linhas Aéreas","Transportes","Aéreo","Vício de Qualidade","Cancelamento de voo","Loja física","Finalizada avaliada"
"SE","Guarulhos",2023,7,"2023-07-05","Latam Airlines (Tam)","Demais Serviços ","Programas de Fidelidade / Benefícios (pontos, milhagem etc)","Dados Pessoais e Privacidade","Vazamento de dados ou outros incidentes de segurança (acessos não autorizados e situações acidentais ou ilícitas de destruição, perda, alteração, comunicação ou tratamento inadequado ou ilícito)","Internet","Finalizada não avaliada"
"SE","Guarulhos",2023,7,"2023-07-08","Latam Airlines (Tam)","Demais Serviços ","Programas de Fidelidade / Benefícios (pontos, milhagem etc)","Dados Pessoais e Privacidade","Coleta, uso ou compartilhamento indevido ou não autorizado de dados pessoais ou financeiros","Internet","Finalizada avaliada"
"SE","Guarulhos",2023,7,"2023-07-09","Azul Linhas Aéreas","Transportes","Aéreo","Saúde e Segurança","Risco, dano físico ou mal estar decorrente da prestação do serviço/utilização do produto","Internet","Finalizada avaliada"
"SE","Guarulhos",2023,7,"2023-07-10","Gol Linhas Aéreas","Transportes","Aéreo","Vício de Qualidade","Extravio/ avaria de bagagem, carga, correspondência (ressarcimento, indenizações)","Internet","Finalizada não avaliada"
"SE","Guarulhos",2023,7,"2023-07-11","Latam Airlines (Tam)","Demais Serviços ","Programas de Fidelidade / Benefícios (pontos, milhagem etc)","Vício de Qualidade","Clonagem, fraude, furto e roubo","Internet","Finalizada avaliada"
"SE","Guarulhos",2023,7,"2023-07-11","Azul Linhas Aéreas","Transportes","Aéreo","Vício de Qualidade","Atraso de voo","Internet","Finalizada não avaliada"
"SE","Guarulhos",2023,7,"2023-07-12","Ethiopian Airlines","Transportes","Aéreo","Vício de Qualidade","Extravio/ avaria de bagagem, carga, correspondência (ressarcimento, indenizações)","Internet","Finalizada avaliada"
"SE","Guarulhos",2023,7,"2023-07-12","Gol Linhas Aéreas","Transportes","Aéreo","Atendimento / SAC","SAC - Dificuldade para cancelar o serviço","Internet","Finalizada avaliada"
"SE","Guarulhos",2023,7,"2023-07-12","American Airlines","Transportes","Aéreo","Vício de Qualidade","Atraso de voo","Internet","Finalizada não avaliada"
"SE","Guarulhos",2023,7,"2023-07-13","Gol Linhas Aéreas","Transportes","Aéreo","Atendimento / SAC","SAC - Dificuldade para cancelar o serviço","Internet","Finalizada não avaliada"
"SE","Guarulhos",2023,7,"2023-07-15","Gol Linhas Aéreas","Transportes","Aéreo","Contrato / Oferta","Oferta não cumprida / serviço não fornecido/ venda enganosa / publicidade enganosa","Loja física","Finalizada avaliada"
"SE","Guarulhos",2023,7,"2023-07-17","Latam Airlines (Tam)","Transportes","Aéreo","Informação","Informações incompletas / inadequadas sobre o serviço","Internet","Finalizada avaliada"
"SE","Guarulhos",2023,7,"2023-07-18","Latam Airlines (Tam)","Transportes","Aéreo","Cobrança / Contestação","Dificuldade / atraso na devolução de valores pagos / reembolso / retenção de valores","Internet","Finalizada avaliada"
"SE","Guarulhos",2023,7,"2023-07-18","Latam Airlines (Tam)","Transportes","Aéreo","Cobrança / Contestação","Dificuldade / atraso na devolução de valores pagos / reembolso / retenção de valores","Internet","Finalizada avaliada"
"SE","Guarulhos",2023,7,"2023-07-19","Latam Airlines (Tam)","Transportes","Aéreo","Contrato / Oferta","Dificuldade para contratar o serviço (problema operacionais, acesso aos canais de venda etc)","Internet","Finalizada avaliada"
"SE","Guarulhos",2023,7,"2023-07-19","Latam Airlines (Tam)","Transportes","Aéreo","Contrato / Oferta","Oferta não cumprida / serviço não fornecido/ venda enganosa / publicidade enganosa","Internet","Finalizada não avaliada"
"SE","Guarulhos",2023,7,"2023-07-19","Avianca - Voos internacionais","Transportes","Aéreo","Informação","Informações incompletas / inadequadas sobre o serviço","Internet","Finalizada avaliada"
"SE","Guarulhos",2023,7,"2023-07-20","Gol Linhas Aéreas","Transportes","Aéreo","Vício de Qualidade","Dificuldade para embarque com bagagem de mão","Internet","Finalizada avaliada"
"SE","Guarulhos",2023,7,"2023-07-20","Gol Linhas Aéreas","Transportes","Aéreo","Vício de Qualidade","Cancelamento de voo","Internet","Finalizada avaliada"
"SE","Guarulhos",2023,7,"2023-07-24","Gol Linhas Aéreas","Transportes","Aéreo","Atendimento / SAC","Má qualidade no atendimento presencial ou outros canais (exceto SAC)","Internet","Finalizada não avaliada"
"SE","Guarulhos",2023,7,"2023-07-24","Latam Airlines (Tam)","Transportes","Aéreo","Cobrança / Contestação","Dificuldade / atraso na devolução de valores pagos / reembolso / retenção de valores","Loja física","Finalizada não avaliada"
"SE","Guarulhos",2023,7,"2023-07-24","Azul Linhas Aéreas","Transportes","Aéreo","Contrato / Oferta","Dificuldade / demora para alterar o contrato de serviço (alteração de voo)","Internet","Finalizada avaliada"
"SE","Guarulhos",2023,7,"2023-07-24","Gol Linhas Aéreas","Transportes","Aéreo","Vício de Qualidade","Negativa de embarque de passageiro (preterição / overbooking)","Internet","Finalizada não avaliada"
"SE","Guarulhos",2023,7,"2023-07-24","Avianca - Voos internacionais","Transportes","Aéreo","Cobrança / Contestação","Dificuldade / atraso na devolução de valores pagos / reembolso / retenção de valores","Internet","Finalizada avaliada"
"SE","Guarulhos",2023,7,"2023-07-25","Latam Airlines (Tam)","Transportes","Aéreo","Contrato / Oferta","Oferta não cumprida / serviço não fornecido/ venda enganosa / publicidade enganosa","Internet","Finalizada avaliada"
"SE","Guarulhos",2023,7,"2023-07-26","Latam Airlines (Tam)","Demais Serviços ","Programas de Fidelidade / Benefícios (pontos, milhagem etc)","Cobrança / Contestação","Cobrança de tarifas, taxas, valores não previstos / não informados","Internet","Finalizada não avaliada"
"SE","Guarulhos",2023,7,"2023-07-28","Gol Linhas Aéreas","Demais Serviços ","Programas de Fidelidade / Benefícios (pontos, milhagem etc)","Cobrança / Contestação","Dificuldade / atraso na devolução de valores pagos / reembolso / retenção de valores","Ganhei de presente","Finalizada avaliada"
"SE","Guarulhos",2023,7,"2023-07-28","Latam Airlines (Tam)","Transportes","Aéreo","Contrato / Oferta","Dificuldades com Programas de Fidelidade / Pontuação (resgate, alteração, transferência etc)","Internet","Finalizada não avaliada"
"SE","Guarulhos",2023,7,"2023-07-29","Gol Linhas Aéreas","Transportes","Aéreo","Cobrança / Contestação","Dificuldade / atraso na devolução de valores pagos / reembolso / retenção de valores","Internet","Finalizada não avaliada"
"SE","Guarulhos",2023,8,"2023-08-01","Latam Airlines (Tam)","Transportes","Aéreo","Cobrança / Contestação","Dificuldade / atraso na devolução de valores pagos / reembolso / retenção de valores","Internet","Finalizada avaliada"
"SE","Guarulhos",2023,8,"2023-08-01","Latam Airlines (Tam)","Demais Serviços ","Programas de Fidelidade / Benefícios (pontos, milhagem etc)","Contrato / Oferta","Oferta não cumprida / serviço não fornecido/ venda enganosa / publicidade enganosa","Internet","Finalizada não avaliada"
"SE","Guarulhos",2023,8,"2023-08-01","Italia Trasporto Aereo (ITA Airways)","Transportes","Aéreo","Informação","Falta de informação sobre atraso, cancelamento ou interrupção de voo","Internet","Finalizada não avaliada"
"SE","Guarulhos",2023,8,"2023-08-02","Gol Linhas Aéreas","Demais Serviços ","Programas de Fidelidade / Benefícios (pontos, milhagem etc)","Cobrança / Contestação","Dificuldade / atraso na devolução de valores pagos / reembolso / retenção de valores","Internet","Finalizada não avaliada"
"SE","Guarulhos",2023,8,"2023-08-02","Latam Airlines (Tam)","Demais Serviços ","Programas de Fidelidade / Benefícios (pontos, milhagem etc)","Atendimento / SAC","Dificuldade de contato / demora no atendimento","Internet","Finalizada não avaliada"
"SE","Guarulhos",2023,8,"2023-08-03","Latam Airlines (Tam)","Demais Serviços ","Programas de Fidelidade / Benefícios (pontos, milhagem etc)","Cobrança / Contestação","Cobrança de tarifas, taxas, valores não previstos / não informados","Internet","Finalizada não avaliada"
"SE","Guarulhos",2023,8,"2023-08-03","Latam Airlines (Tam)","Transportes","Aéreo","Vício de Qualidade","Extravio/ avaria de bagagem, carga, correspondência (ressarcimento, indenizações)","Internet","Finalizada não avaliada"
"SE","Guarulhos",2023,8,"2023-08-03","Avianca - Voos internacionais","Transportes","Aéreo","Vício de Qualidade","Extravio/ avaria de bagagem, carga, correspondência (ressarcimento, indenizações)","Internet","Finalizada avaliada"
"SE","Guarulhos",2023,8,"2023-08-03","Latam Airlines (Tam)","Transportes","Aéreo","Cobrança / Contestação","Dificuldade / atraso na devolução de valores pagos / reembolso / retenção de valores","Internet","Finalizada não avaliada"
"SE","Guarulhos",2023,8,"2023-08-05","Latam Airlines (Tam)","Transportes","Aéreo","Vício de Qualidade","Negativa de embarque de passageiro (preterição / overbooking)","Internet","Finalizada não avaliada"
"SE","Guarulhos",2023,8,"2023-08-06","Latam Airlines (Tam)","Transportes","Aéreo","Atendimento / SAC","Dificuldade de contato / acesso a outros canais (exceto SAC)","Internet","Finalizada avaliada"
"SE","Guarulhos",2023,8,"2023-08-07","Latam Airlines (Tam)","Transportes","Aéreo","Cobrança / Contestação","Dificuldade / atraso na devolução de valores pagos / reembolso / retenção de valores","Internet","Finalizada avaliada"
"SE","Guarulhos",2023,8,"2023-08-08","Gol Linhas Aéreas","Transportes","Aéreo","Contrato / Oferta","Dificuldade / demora para alterar o contrato de serviço (alteração de voo)","Internet","Finalizada avaliada"
"SE","Guarulhos",2023,8,"2023-08-10","Latam Airlines (Tam)","Transportes","Aéreo","Cobrança / Contestação","Cobrança por serviço/produto não contratado / não reconhecido / não solicitado","Internet","Finalizada avaliada"
"SE","Guarulhos",2023,8,"2023-08-16","Voepass Linhas Aéreas","Transportes","Aéreo","Atendimento / SAC","SAC - Demanda não resolvida / não respondida / respondida após o prazo","Internet","Finalizada avaliada"
"SE","Guarulhos",2023,8,"2023-08-16","Latam Airlines (Tam)","Transportes","Aéreo","Atendimento / SAC","SAC - Demanda não resolvida / não respondida / respondida após o prazo","Internet","Finalizada avaliada"
"SE","Guarulhos",2023,8,"2023-08-17","Azul Linhas Aéreas","Transportes","Aéreo","Informação","Falta de informação sobre atraso, cancelamento ou interrupção de voo","Internet","Finalizada não avaliada"
"SE","Guarulhos",2023,8,"2023-08-18","Iberia Lineas Aereas","Transportes","Aéreo","Contrato / Oferta","Dificuldade / demora para alterar o contrato de serviço (alteração de voo)","Internet","Finalizada avaliada"
"SE","Guarulhos",2023,8,"2023-08-18","Gol Linhas Aéreas","Transportes","Aéreo","Vício de Qualidade","Extravio/ avaria de bagagem, carga, correspondência (ressarcimento, indenizações)","Internet","Finalizada não avaliada"
"SE","Guarulhos",2023,8,"2023-08-20","Gol Linhas Aéreas","Demais Serviços ","Programas de Fidelidade / Benefícios (pontos, milhagem etc)","Informação","Informações incompletas / inadequadas sobre o serviço","Internet","Finalizada avaliada"
"SE","Guarulhos",2023,8,"2023-08-22","Gol Linhas Aéreas","Transportes","Aéreo","Vício de Qualidade","Dificuldade para embarque com bagagem de mão","Internet","Finalizada avaliada"
"SE","Guarulhos",2023,8,"2023-08-22","Latam Airlines (Tam)","Transportes","Aéreo","Cobrança / Contestação","Cobrança de tarifas, taxas, valores não previstos / não informados","Telefone","Finalizada avaliada"
"SE","Guarulhos",2023,8,"2023-08-23","Latam Airlines (Tam)","Transportes","Aéreo","Cobrança / Contestação","Dificuldade / atraso na devolução de valores pagos / reembolso / retenção de valores","Internet","Finalizada avaliada"
"SE","Guarulhos",2023,8,"2023-08-23","Latam Airlines (Tam)","Transportes","Aéreo","Vício de Qualidade","Extravio/ avaria de bagagem, carga, correspondência (ressarcimento, indenizações)","Internet","Finalizada avaliada"
"SE","Guarulhos",2023,8,"2023-08-24","Latam Airlines (Tam)","Transportes","Aéreo","Contrato / Oferta","Oferta não cumprida / serviço não fornecido/ venda enganosa / publicidade enganosa","Internet","Finalizada não avaliada"
"SE","Guarulhos",2023,8,"2023-08-25","Latam Airlines (Tam)","Transportes","Aéreo","Atendimento / SAC","SAC - Demanda não resolvida / não respondida / respondida após o prazo","Internet","Finalizada avaliada"
"SE","Guarulhos",2023,8,"2023-08-25","Avianca - Voos internacionais","Transportes","Aéreo","Cobrança / Contestação","Dificuldade / atraso na devolução de valores pagos / reembolso / retenção de valores","Internet","Finalizada não avaliada"
"SE","Guarulhos",2023,8,"2023-08-28","Gol Linhas Aéreas","Transportes","Aéreo","Vício de Qualidade","Atraso de voo","Internet","Finalizada não avaliada"
"SE","Guarulhos",2023,8,"2023-08-28","Aerolíneas Argentinas","Transportes","Aéreo","Vício de Qualidade","Extravio/ avaria de bagagem, carga, correspondência (ressarcimento, indenizações)","Internet","Finalizada avaliada"
"SE","Guarulhos",2023,8,"2023-08-28","Latam Airlines (Tam)","Transportes","Aéreo","Contrato / Oferta","Cancelamento indevido da passagem de volta","Internet","Finalizada avaliada"
"SE","Guarulhos",2023,8,"2023-08-30","Gol Linhas Aéreas","Transportes","Aéreo","Cobrança / Contestação","Dificuldade / atraso na devolução de valores pagos / reembolso / retenção de valores","Telefone","Finalizada avaliada"
"SE","Guarulhos",2023,8,"2023-08-30","Latam Airlines (Tam)","Transportes","Aéreo","Vício de Qualidade","Extravio/ avaria de bagagem, carga, correspondência (ressarcimento, indenizações)","Internet","Finalizada avaliada"
"SE","Guarulhos",2023,8,"2023-08-30","Latam Airlines (Tam)","Transportes","Aéreo","Informação","Informações incompletas / inadequadas sobre o serviço","Catálogo","Finalizada avaliada"
"SE","Guarulhos",2023,9,"2023-09-01","Latam Airlines (Tam)","Demais Serviços ","Programas de Fidelidade / Benefícios (pontos, milhagem etc)","Informação","Informações incompletas / inadequadas sobre o serviço","Internet","Finalizada avaliada"
"SE","Guarulhos",2023,9,"2023-09-03","Latam Airlines (Tam)","Transportes","Aéreo","Cobrança / Contestação","Cobrança de tarifas, taxas, valores não previstos / não informados","Internet","Finalizada não avaliada"
"SE","Guarulhos",2023,9,"2023-09-04","Avianca - Voos internacionais","Demais Serviços ","Programas de Fidelidade / Benefícios (pontos, milhagem etc)","Informação","Informações incompletas / inadequadas sobre o serviço","Internet","Finalizada avaliada"
"SE","Guarulhos",2023,9,"2023-09-05","Latam Airlines (Tam)","Transportes","Aéreo","Contrato / Oferta","Dificuldade / demora para cancelar o serviço ","Telefone","Finalizada avaliada"
"SE","Guarulhos",2023,9,"2023-09-05","Latam Airlines (Tam)","Transportes","Aéreo","Vício de Qualidade","Negativa de embarque de passageiro (preterição / overbooking)","Internet","Finalizada avaliada"
"SE","Guarulhos",2023,9,"2023-09-08","Latam Airlines (Tam)","Transportes","Aéreo","Informação","Informações incompletas / inadequadas sobre o serviço","Internet","Finalizada avaliada"
"SE","Guarulhos",2023,9,"2023-09-10","Latam Airlines (Tam)","Transportes","Aéreo","Vício de Qualidade","Extravio/ avaria de bagagem, carga, correspondência (ressarcimento, indenizações)","Internet","Finalizada não avaliada"
"SE","Guarulhos",2023,9,"2023-09-11","Gol Linhas Aéreas","Transportes","Aéreo","Vício de Qualidade","Atraso de voo","Internet","Finalizada avaliada"
"SE","Guarulhos",2023,9,"2023-09-11","Latam Airlines (Tam)","Transportes","Aéreo","Informação","Falta de informação sobre atraso, cancelamento ou interrupção de voo","Internet","Finalizada não avaliada"
"SE","Guarulhos",2023,9,"2023-09-12","Gol Linhas Aéreas","Transportes","Aéreo","Cobrança / Contestação","Dificuldade / atraso na devolução de valores pagos / reembolso / retenção de valores","Internet","Finalizada avaliada"
"SE","Guarulhos",2023,9,"2023-09-13","Gol Linhas Aéreas","Transportes","Aéreo","Dados Pessoais e Privacidade","Dificuldade de cancelamento / eliminação de dados / revogação do consentimento","Internet","Finalizada avaliada"
"SE","Guarulhos",2023,9,"2023-09-14","Latam Airlines (Tam)","Transportes","Aéreo","Contrato / Oferta","Oferta não cumprida / serviço não fornecido/ venda enganosa / publicidade enganosa","Internet","Finalizada avaliada"
"SE","Guarulhos",2023,9,"2023-09-15","Azul Linhas Aéreas","Transportes","Aéreo","Cobrança / Contestação","Cobrança indevida / abusiva para alterar ou cancelar o contrato","Internet","Finalizada avaliada"
"SE","Guarulhos",2023,9,"2023-09-15","Latam Airlines (Tam)","Transportes","Aéreo","Atendimento / SAC","Má qualidade no atendimento presencial ou outros canais (exceto SAC)","Internet","Finalizada avaliada"
"SE","Guarulhos",2023,9,"2023-09-16","Latam Airlines (Tam)","Transportes","Aéreo","Contrato / Oferta","Oferta não cumprida / serviço não fornecido/ venda enganosa / publicidade enganosa","Internet","Finalizada avaliada"
"SE","Guarulhos",2023,9,"2023-09-17","TAP Air Portugal","Demais Serviços ","Programas de Fidelidade / Benefícios (pontos, milhagem etc)","Cobrança / Contestação","Dificuldade / atraso na devolução de valores pagos / reembolso / retenção de valores","Internet","Finalizada avaliada"
"SE","Guarulhos",2023,9,"2023-09-21","Latam Airlines (Tam)","Demais Serviços ","Programas de Fidelidade / Benefícios (pontos, milhagem etc)","Vício de Qualidade","Clonagem, fraude, furto e roubo","Não comprei / contratei","Finalizada avaliada"
"SE","Guarulhos",2023,9,"2023-09-21","Latam Airlines (Tam)","Transportes","Aéreo","Atendimento / SAC","SAC - Dificuldade de contato / acesso","Internet","Finalizada não avaliada"
"SE","Guarulhos",2023,9,"2023-09-21","Avianca - Voos internacionais","Transportes","Aéreo","Cobrança / Contestação","Cobrança indevida / abusiva para alterar ou cancelar o contrato","Internet","Finalizada não avaliada"
"SE","Guarulhos",2023,9,"2023-09-23","Azul Linhas Aéreas","Transportes","Aéreo","Atendimento / SAC","SAC - Demanda não resolvida / não respondida / respondida após o prazo","Internet","Finalizada não avaliada"
"SE","Guarulhos",2023,9,"2023-09-24","Latam Airlines (Tam)","Transportes","Aéreo","Atendimento / SAC","SAC - Demanda não resolvida / não respondida / respondida após o prazo","Internet","Finalizada avaliada"
"SE","Guarulhos",2023,9,"2023-09-25","Gol Linhas Aéreas","Transportes","Aéreo","Contrato / Oferta","Dificuldade / demora para alterar o contrato de serviço (alteração de voo)","Internet","Finalizada avaliada"
"SE","Guarulhos",2023,9,"2023-09-25","Latam Airlines (Tam)","Demais Serviços ","Programas de Fidelidade / Benefícios (pontos, milhagem etc)","Contrato / Oferta","Dificuldade para alterar ou cancelar o contrato /serviço","Internet","Finalizada avaliada"
"SE","Guarulhos",2023,9,"2023-09-27","Azul Linhas Aéreas","Transportes","Aéreo","Atendimento / SAC","Dificuldade de contato / acesso a outros canais (exceto SAC)","Internet","Finalizada não avaliada"
"SE","Guarulhos",2023,9,"2023-09-27","Latam Airlines (Tam)","Transportes","Aéreo","Cobrança / Contestação","Cobrança de tarifas, taxas, valores não previstos / não informados","Loja física","Finalizada avaliada"
"SE","Guarulhos",2023,9,"2023-09-27","Gol Linhas Aéreas","Transportes","Aéreo","Vício de Qualidade","Cancelamento de voo","Internet","Finalizada não avaliada"
"SE","Guarulhos",2023,9,"2023-09-27","Azul Linhas Aéreas","Transportes","Aéreo","Cobrança / Contestação","Dificuldade / atraso na devolução de valores pagos / reembolso / retenção de valores","Internet","Finalizada não avaliada"
"SE","Guarulhos",2023,10,"2023-10-01","Latam Airlines (Tam)","Transportes","Aéreo","Dados Pessoais e Privacidade","Dificuldade de reclamar ou de obter tratamento a reclamação sobre dados pessoais ou financeiros","Não comprei / contratei","Finalizada não avaliada"
"SE","Guarulhos",2023,10,"2023-10-01","Italia Trasporto Aereo (ITA Airways)","Demais Serviços ","Programas de Fidelidade / Benefícios (pontos, milhagem etc)","Entrega do Produto","Não entrega / demora na entrega do produto","Internet","Finalizada avaliada"
"SE","Guarulhos",2023,10,"2023-10-02","Gol Linhas Aéreas","Transportes","Aéreo","Atendimento / SAC","SAC - Dificuldade em obter protocolo, gravação ou histórico","Internet","Finalizada avaliada"
"SE","Guarulhos",2023,10,"2023-10-03","Latam Airlines (Tam)","Transportes","Aéreo","Atendimento / SAC","Má qualidade no atendimento presencial ou outros canais (exceto SAC)","Internet","Finalizada não avaliada"
"SE","Guarulhos",2023,10,"2023-10-04","Latam Airlines (Tam)","Demais Serviços ","Programas de Fidelidade / Benefícios (pontos, milhagem etc)","Cobrança / Contestação","Cobrança por serviço não fornecido/ em desacordo com a utilização / fora do prazo","Internet","Finalizada não avaliada"
"SE","Guarulhos",2023,10,"2023-10-04","Sky Airline","Transportes","Aéreo","Vício de Qualidade","Extravio/ avaria de bagagem, carga, correspondência (ressarcimento, indenizações)","Internet","Finalizada não avaliada"
"SE","Guarulhos",2023,10,"2023-10-04","Latam Airlines (Tam)","Demais Serviços ","Programas de Fidelidade / Benefícios (pontos, milhagem etc)","Dados Pessoais e Privacidade","Dados pessoais ou financeiros incorretos / desatualizados – dificuldade de retificação","Internet","Finalizada não avaliada"
"SE","Guarulhos",2023,10,"2023-10-08","Gol Linhas Aéreas","Transportes","Cargas e Encomendas","Cobrança / Contestação","Dificuldade / atraso na devolução de valores pagos / reembolso / retenção de valores","Não comprei / contratei","Finalizada não avaliada"
"SE","Guarulhos",2023,10,"2023-10-09","Latam Airlines (Tam)","Demais Serviços ","Programas de Fidelidade / Benefícios (pontos, milhagem etc)","Contrato / Oferta","Dificuldade para alterar ou cancelar o contrato /serviço","Internet","Finalizada não avaliada"
"SE","Guarulhos",2023,10,"2023-10-09","Azul Linhas Aéreas","Transportes","Aéreo","Vício de Qualidade","Cancelamento de voo","Internet","Finalizada avaliada"
"SE","Guarulhos",2023,10,"2023-10-09","Latam Airlines (Tam)","Demais Serviços ","Programas de Fidelidade / Benefícios (pontos, milhagem etc)","Contrato / Oferta","Oferta não cumprida / serviço não fornecido/ venda enganosa / publicidade enganosa","Não comprei / contratei","Finalizada não avaliada"
"SE","Guarulhos",2023,10,"2023-10-09","TAP Air Portugal","Demais Serviços ","Programas de Fidelidade / Benefícios (pontos, milhagem etc)","Cobrança / Contestação","Dificuldade / atraso na devolução de valores pagos / reembolso / retenção de valores","Internet","Finalizada não avaliada"
"SE","Guarulhos",2023,10,"2023-10-09","Gol Linhas Aéreas","Transportes","Aéreo","Vício de Qualidade","Cancelamento de voo","Internet","Finalizada não avaliada"
"SE","Guarulhos",2023,10,"2023-10-10","Latam Airlines (Tam)","Demais Serviços ","Programas de Fidelidade / Benefícios (pontos, milhagem etc)","Cobrança / Contestação","Dificuldade / atraso na devolução de valores pagos / reembolso / retenção de valores","Internet","Finalizada avaliada"
"SE","Guarulhos",2023,10,"2023-10-10","Azul Linhas Aéreas","Transportes","Aéreo","Contrato / Oferta","Oferta não cumprida / serviço não fornecido/ venda enganosa / publicidade enganosa","Internet","Finalizada não avaliada"
"SE","Guarulhos",2023,10,"2023-10-10","Latam Airlines (Tam)","Demais Serviços ","Programas de Fidelidade / Benefícios (pontos, milhagem etc)","Dados Pessoais e Privacidade","Dados pessoais ou financeiros incorretos / desatualizados – dificuldade de retificação","Internet","Finalizada avaliada"
"SE","Guarulhos",2023,10,"2023-10-10","Italia Trasporto Aereo (ITA Airways)","Demais Serviços ","Programas de Fidelidade / Benefícios (pontos, milhagem etc)","Entrega do Produto","Não entrega / demora na entrega do produto","Internet","Finalizada não avaliada"
"SE","Guarulhos",2023,10,"2023-10-11","Latam Airlines (Tam)","Transportes","Aéreo","Contrato / Oferta","Dificuldade para contratar o serviço (problema operacionais, acesso aos canais de venda etc)","Internet","Finalizada avaliada"
"SE","Guarulhos",2023,10,"2023-10-12","Gol Linhas Aéreas","Transportes","Aéreo","Vício de Qualidade","Atraso de voo","Internet","Finalizada não avaliada"
"SE","Guarulhos",2023,10,"2023-10-14","Latam Airlines (Tam)","Transportes","Aéreo","Cobrança / Contestação","Dificuldade / atraso na devolução de valores pagos / reembolso / retenção de valores","Internet","Finalizada não avaliada"
"SE","Guarulhos",2023,10,"2023-10-16","Latam Airlines (Tam)","Transportes","Aéreo","Atendimento / SAC","Falta de atendimento prioritário","Internet","Finalizada não avaliada"
"SE","Guarulhos",2023,10,"2023-10-16","Gol Linhas Aéreas","Serviços Financeiros","Seguro Viagem","Atendimento / SAC","SAC - Dificuldade de contato / acesso","Internet","Finalizada não avaliada"
"SE","Guarulhos",2023,10,"2023-10-17","Latam Airlines (Tam)","Transportes","Aéreo","Atendimento / SAC","SAC - Demanda não resolvida / não respondida / respondida após o prazo","Internet","Finalizada não avaliada"
"SE","Guarulhos",2023,10,"2023-10-17","American Airlines","Transportes","Aéreo","Contrato / Oferta","Oferta não cumprida / serviço não fornecido/ venda enganosa / publicidade enganosa","Internet","Finalizada não avaliada"
"SE","Guarulhos",2023,10,"2023-10-17","Latam Airlines (Tam)","Demais Serviços ","Programas de Fidelidade / Benefícios (pontos, milhagem etc)","Dados Pessoais e Privacidade","Dificuldade de acesso a dados pessoais ou financeiros","Internet","Finalizada não avaliada"
"SE","Guarulhos",2023,10,"2023-10-18","Latam Airlines (Tam)","Demais Serviços ","Programas de Fidelidade / Benefícios (pontos, milhagem etc)","Cobrança / Contestação","Dificuldade / atraso na devolução de valores pagos / reembolso / retenção de valores","Internet","Finalizada não avaliada"
"SE","Guarulhos",2023,10,"2023-10-18","Gol Linhas Aéreas","Transportes","Aéreo","Atendimento / SAC","Dificuldade de contato / acesso a outros canais (exceto SAC)","Internet","Finalizada avaliada"
"SE","Guarulhos",2023,10,"2023-10-22","Latam Airlines (Tam)","Transportes","Aéreo","Contrato / Oferta","Dificuldades com Programas de Fidelidade / Pontuação (resgate, alteração, transferência etc)","Internet","Finalizada não avaliada"
"SE","Guarulhos",2023,10,"2023-10-22","Latam Airlines (Tam)","Transportes","Aéreo","Contrato / Oferta","Oferta não cumprida / serviço não fornecido/ venda enganosa / publicidade enganosa","Não comprei / contratei","Finalizada não avaliada"
"SE","Guarulhos",2023,10,"2023-10-22","Gol Linhas Aéreas","Transportes","Aéreo","Vício de Qualidade","Atraso de voo","Internet","Finalizada não avaliada"
"SE","Guarulhos",2023,10,"2023-10-23","Latam Airlines (Tam)","Demais Serviços ","Programas de Fidelidade / Benefícios (pontos, milhagem etc)","Cobrança / Contestação","Dificuldade / atraso na devolução de valores pagos / reembolso / retenção de valores","Internet","Finalizada não avaliada"
"SE","Guarulhos",2023,10,"2023-10-23","Latam Airlines (Tam)","Demais Serviços ","Programas de Fidelidade / Benefícios (pontos, milhagem etc)","Contrato / Oferta","Oferta não cumprida / serviço não fornecido/ venda enganosa / publicidade enganosa","Internet","Finalizada não avaliada"
"SE","Guarulhos",2023,10,"2023-10-23","Latam Airlines (Tam)","Demais Serviços ","Programas de Fidelidade / Benefícios (pontos, milhagem etc)","Cobrança / Contestação","Dificuldade / atraso na devolução de valores pagos / reembolso / retenção de valores","Internet","Finalizada não avaliada"
"SE","Guarulhos",2023,10,"2023-10-23","Gol Linhas Aéreas","Transportes","Aéreo","Cobrança / Contestação","Dificuldade / atraso na devolução de valores pagos / reembolso / retenção de valores","Internet","Finalizada avaliada"
"SE","Guarulhos",2023,10,"2023-10-23","Avianca - Voos internacionais","Transportes","Aéreo","Cobrança / Contestação","Cobrança indevida / abusiva para alterar ou cancelar o contrato","Internet","Finalizada avaliada"
"SE","Guarulhos",2023,10,"2023-10-24","Azul Linhas Aéreas","Demais Serviços ","Programas de Fidelidade / Benefícios (pontos, milhagem etc)","Atendimento / SAC","Dificuldade de contato / demora no atendimento","Internet","Finalizada não avaliada"
"SE","Guarulhos",2023,10,"2023-10-24","Aerolíneas Argentinas","Transportes","Aéreo","Cobrança / Contestação","Cobrança indevida / abusiva para alterar ou cancelar o contrato","Internet","Finalizada avaliada"
"SE","Guarulhos",2023,10,"2023-10-25","Latam Airlines (Tam)","Demais Serviços ","Programas de Fidelidade / Benefícios (pontos, milhagem etc)","Dados Pessoais e Privacidade","Dados pessoais ou financeiros incorretos / desatualizados – dificuldade de retificação","Internet","Finalizada avaliada"
"SE","Guarulhos",2023,10,"2023-10-26","Gol Linhas Aéreas","Transportes","Aéreo","Contrato / Oferta","Dificuldade / demora para alterar o contrato de serviço (alteração de voo)","Internet","Finalizada não avaliada"
"SE","Guarulhos",2023,10,"2023-10-27","Latam Airlines (Tam)","Demais Serviços ","Programas de Fidelidade / Benefícios (pontos, milhagem etc)","Contrato / Oferta","Oferta não cumprida / serviço não fornecido/ venda enganosa / publicidade enganosa","Internet","Finalizada avaliada"
"SE","Guarulhos",2023,10,"2023-10-29","Gol Linhas Aéreas","Demais Serviços ","Programas de Fidelidade / Benefícios (pontos, milhagem etc)","Cobrança / Contestação","Cobrança de tarifas, taxas, valores não previstos / não informados","Não comprei / contratei","Finalizada não avaliada"
"SE","Guarulhos",2023,10,"2023-10-30","Latam Airlines (Tam)","Transportes","Aéreo","Contrato / Oferta","Oferta não cumprida / serviço não fornecido/ venda enganosa / publicidade enganosa","Internet","Finalizada avaliada"
"SE","Guarulhos",2023,10,"2023-10-31","Latam Airlines (Tam)","Transportes","Aéreo","Vício de Qualidade","Falta de acesso a comunicação, alimentação, acomodação e/ou traslado em caso de atraso, cancelamento ou interrupção de voo","Internet","Finalizada avaliada"
"SE","Guarulhos",2023,10,"2023-10-31","Gol Linhas Aéreas","Transportes","Aéreo","Contrato / Oferta","Dificuldade / demora para alterar o contrato de serviço (alteração de voo)","Internet","Finalizada avaliada"
"SE","Guarulhos",2023,11,"2023-11-01","Latam Airlines (Tam)","Transportes","Aéreo","Contrato / Oferta","Dificuldade / demora para alterar o contrato de serviço (alteração de voo)","Internet","Finalizada não avaliada"
"SE","Guarulhos",2023,11,"2023-11-02","Latam Airlines (Tam)","Demais Serviços ","Programas de Fidelidade / Benefícios (pontos, milhagem etc)","Cobrança / Contestação","Dificuldade / atraso na devolução de valores pagos / reembolso / retenção de valores","Não comprei / contratei","Finalizada não avaliada"
"SE","Guarulhos",2023,11,"2023-11-02","Flybondi","Transportes","Aéreo","Vício de Qualidade","Extravio/ avaria de bagagem, carga, correspondência (ressarcimento, indenizações)","Internet","Finalizada não avaliada"
"SE","Guarulhos",2023,11,"2023-11-03","Italia Trasporto Aereo (ITA Airways)","Transportes","Aéreo","Vício de Qualidade","Cancelamento de voo","Loja física","Finalizada não avaliada"
"SE","Guarulhos",2023,11,"2023-11-06","Latam Airlines (Tam)","Transportes","Aéreo","Atendimento / SAC","Falta de atendimento prioritário","Internet","Finalizada avaliada"
"SE","Guarulhos",2023,11,"2023-11-06","Latam Airlines (Tam)","Demais Serviços ","Programas de Fidelidade / Benefícios (pontos, milhagem etc)","Contrato / Oferta","Alteração / rescisão de contrato sem solicitação / aviso prévio","Internet","Finalizada não avaliada"
"SE","Guarulhos",2023,11,"2023-11-06","Gol Linhas Aéreas","Transportes","Aéreo","Contrato / Oferta","Oferta não cumprida / serviço não fornecido/ venda enganosa / publicidade enganosa","Internet","Finalizada não avaliada"
"SE","Guarulhos",2023,11,"2023-11-08","Latam Airlines (Tam)","Transportes","Aéreo","Contrato / Oferta","Oferta não cumprida / serviço não fornecido/ venda enganosa / publicidade enganosa","Internet","Finalizada avaliada"
"SE","Guarulhos",2023,11,"2023-11-08","Delta Air Lines","Transportes","Aéreo","Atendimento / SAC","SAC - Descortesia / despreparo / demora","Internet","Finalizada não avaliada"
"SE","Guarulhos",2023,11,"2023-11-08","Iberia Lineas Aereas","Transportes","Aéreo","Vício de Qualidade","Atraso de voo","Telefone","Finalizada não avaliada"
"SE","Guarulhos",2023,11,"2023-11-08","Delta Air Lines","Transportes","Aéreo","Vício de Qualidade","Atraso de voo","Internet","Finalizada não avaliada"
"SE","Guarulhos",2023,11,"2023-11-08","Latam Airlines (Tam)","Transportes","Aéreo","Vício de Qualidade","Atraso de voo","Internet","Finalizada não avaliada"
"SE","Guarulhos",2023,11,"2023-11-08","Azul Linhas Aéreas","Transportes","Aéreo","Contrato / Oferta","Oferta não cumprida / serviço não fornecido/ venda enganosa / publicidade enganosa","Internet","Finalizada não avaliada"
"SE","Guarulhos",2023,11,"2023-11-08","Copa Airlines","Transportes","Aéreo","Contrato / Oferta","Publicidade abusiva / ofensiva / discriminatória","Internet","Finalizada não avaliada"
"SE","Guarulhos",2023,11,"2023-11-10","Latam Airlines (Tam)","Transportes","Aéreo","Contrato / Oferta","Dificuldades com Programas de Fidelidade / Pontuação (resgate, alteração, transferência etc)","Telefone","Finalizada avaliada"
"SE","Guarulhos",2023,11,"2023-11-12","Gol Linhas Aéreas","Transportes","Aéreo","Cobrança / Contestação","Dificuldade / atraso na devolução de valores pagos / reembolso / retenção de valores","Internet","Finalizada não avaliada"
"SE","Guarulhos",2023,11,"2023-11-14","American Airlines","Transportes","Aéreo","Vício de Qualidade","Atraso de voo","Internet","Finalizada não avaliada"
"SE","Guarulhos",2023,11,"2023-11-15","Italia Trasporto Aereo (ITA Airways)","Transportes","Aéreo","Contrato / Oferta","Oferta não cumprida / serviço não fornecido/ venda enganosa / publicidade enganosa","Internet","Finalizada avaliada"
"SE","Guarulhos",2023,11,"2023-11-15","Latam Airlines (Tam)","Transportes","Aéreo","Vício de Qualidade","Extravio/ avaria de bagagem, carga, correspondência (ressarcimento, indenizações)","Internet","Finalizada avaliada"
"SE","Guarulhos",2023,11,"2023-11-16","Iberia Lineas Aereas","Transportes","Aéreo","Cobrança / Contestação","Dificuldade / atraso na devolução de valores pagos / reembolso / retenção de valores","Internet","Finalizada avaliada"
"SE","Guarulhos",2023,11,"2023-11-16","Gol Linhas Aéreas","Demais Serviços ","Programas de Fidelidade / Benefícios (pontos, milhagem etc)","Contrato / Oferta","Oferta não cumprida / serviço não fornecido/ venda enganosa / publicidade enganosa","Internet","Finalizada avaliada"
"SE","Guarulhos",2023,11,"2023-11-17","Gol Linhas Aéreas","Transportes","Aéreo","Dados Pessoais e Privacidade","Dificuldade de reclamar ou de obter tratamento a reclamação sobre dados pessoais ou financeiros","Internet","Finalizada não avaliada"
"SE","Guarulhos",2023,11,"2023-11-22","Gol Linhas Aéreas","Transportes","Aéreo","Cobrança / Contestação","Dificuldade / atraso na devolução de valores pagos / reembolso / retenção de valores","Internet","Finalizada avaliada"
"SE","Guarulhos",2023,11,"2023-11-23","Latam Airlines (Tam)","Transportes","Aéreo","Cobrança / Contestação","Dificuldade / atraso na devolução de valores pagos / reembolso / retenção de valores","Internet","Finalizada não avaliada"
"SE","Guarulhos",2023,11,"2023-11-24","Azul Linhas Aéreas","Serviços Financeiros","Seguro Viagem","Atendimento / SAC","Má qualidade no atendimento presencial ou outros canais (exceto SAC)","Internet","Finalizada avaliada"
"SE","Guarulhos",2023,11,"2023-11-26","Azul Linhas Aéreas","Transportes","Aéreo","Cobrança / Contestação","Cobrança indevida / abusiva para alterar ou cancelar o contrato","Internet","Finalizada não avaliada"
"SE","Guarulhos",2023,11,"2023-11-27","Latam Airlines (Tam)","Demais Serviços ","Programas de Fidelidade / Benefícios (pontos, milhagem etc)","Entrega do Produto","Não entrega / demora na entrega do produto","Internet","Finalizada avaliada"
"SE","Guarulhos",2023,11,"2023-11-27","Gol Linhas Aéreas","Transportes","Aéreo","Contrato / Oferta","Oferta não cumprida / serviço não fornecido/ venda enganosa / publicidade enganosa","Internet","Finalizada não avaliada"
"SE","Guarulhos",2023,11,"2023-11-27","Copa Airlines","Transportes","Aéreo","Contrato / Oferta","Dificuldade para contratar o serviço (problema operacionais, acesso aos canais de venda etc)","Não comprei / contratei","Finalizada avaliada"
"SE","Guarulhos",2023,11,"2023-11-29","Copa Airlines","Transportes","Aéreo","Cobrança / Contestação","Cobrança de tarifas, taxas, valores não previstos / não informados","Internet","Finalizada não avaliada"
"SE","Guarulhos",2023,11,"2023-11-30","Azul Linhas Aéreas","Transportes","Aéreo","Vício de Qualidade","Extravio/ avaria de bagagem, carga, correspondência (ressarcimento, indenizações)","Internet","Finalizada não avaliada"
"SE","Guarulhos",2023,12,"2023-12-01","Latam Airlines (Tam)","Transportes","Aéreo","Cobrança / Contestação","Cobrança em duplicidade / Cobrança referente a pagamento já efetuado","Telefone","Finalizada avaliada"
"SE","Guarulhos",2023,12,"2023-12-01","Gol Linhas Aéreas","Transportes","Aéreo","Atendimento / SAC","SAC - Demanda não resolvida / não respondida / respondida após o prazo","Internet","Finalizada não avaliada"
"SE","Guarulhos",2023,12,"2023-12-01","Avianca - Voos internacionais","Transportes","Aéreo","Cobrança / Contestação","Cobrança indevida / abusiva para alterar ou cancelar o contrato","Internet","Finalizada avaliada"
"SE","Guarulhos",2023,12,"2023-12-04","Iberia Lineas Aereas","Transportes","Aéreo","Vício de Qualidade","Atraso de voo","Internet","Finalizada não avaliada"
"SE","Guarulhos",2023,12,"2023-12-05","Gol Linhas Aéreas","Transportes","Aéreo","Dados Pessoais e Privacidade","Dificuldade de acesso a dados pessoais ou financeiros","Internet","Finalizada avaliada"
"SE","Guarulhos",2023,12,"2023-12-06","Latam Airlines (Tam)","Transportes","Aéreo","Cobrança / Contestação","Cobrança de tarifas, taxas, valores não previstos / não informados","Internet","Finalizada avaliada"
"SE","Guarulhos",2023,12,"2023-12-06","ARAJET S.A.","Transportes","Aéreo","Atendimento / SAC","SAC - Demanda não resolvida / não respondida / respondida após o prazo","Internet","Finalizada avaliada"
"SE","Guarulhos",2023,12,"2023-12-07","United Airlines","Transportes","Aéreo","Cobrança / Contestação","Cobrança indevida / abusiva para alterar ou cancelar o contrato","Internet","Finalizada não avaliada"
"SE","Guarulhos",2023,12,"2023-12-07","Latam Airlines (Tam)","Transportes","Aéreo","Atendimento / SAC","SAC - Demanda não resolvida / não respondida / respondida após o prazo","Internet","Finalizada avaliada"
"SE","Guarulhos",2023,12,"2023-12-07","Gol Linhas Aéreas","Transportes","Aéreo","Contrato / Oferta","Oferta não cumprida / serviço não fornecido/ venda enganosa / publicidade enganosa","Internet","Finalizada não avaliada"
"SE","Guarulhos",2023,12,"2023-12-08","British Airways","Transportes","Aéreo","Contrato / Oferta","Dificuldade / demora para alterar o contrato de serviço (alteração de voo)","Internet","Finalizada não avaliada"
"SE","Guarulhos",2023,12,"2023-12-09","TAAG - Linhas Aéreas de Angola","Transportes","Aéreo","Contrato / Oferta","Dificuldade / demora para alterar o nome do passageiro","Loja física","Finalizada avaliada"
"SE","Guarulhos",2023,12,"2023-12-10","Latam Airlines (Tam)","Demais Serviços ","Programas de Fidelidade / Benefícios (pontos, milhagem etc)","Dados Pessoais e Privacidade","Dificuldade de reclamar ou de obter tratamento a reclamação sobre dados pessoais ou financeiros","Internet","Finalizada não avaliada"
"SE","Guarulhos",2023,12,"2023-12-10","Italia Trasporto Aereo (ITA Airways)","Demais Serviços ","Programas de Fidelidade / Benefícios (pontos, milhagem etc)","Contrato / Oferta","Oferta não cumprida / serviço não fornecido/ venda enganosa / publicidade enganosa","Internet","Finalizada não avaliada"
"SE","Guarulhos",2023,12,"2023-12-12","Latam Airlines (Tam)","Transportes","Aéreo","Cobrança / Contestação","Dificuldade / atraso na devolução de valores pagos / reembolso / retenção de valores","Telefone","Finalizada avaliada"
"SE","Guarulhos",2023,12,"2023-12-12","Avianca - Voos internacionais","Transportes","Aéreo","Dados Pessoais e Privacidade","Dificuldade de reclamar ou de obter tratamento a reclamação sobre dados pessoais ou financeiros","Telefone","Finalizada avaliada"
"SE","Guarulhos",2023,12,"2023-12-13","TAAG - Linhas Aéreas de Angola","Transportes","Aéreo","Contrato / Oferta","Dificuldade / demora para alterar o nome do passageiro","Loja física","Finalizada avaliada"
"SE","Guarulhos",2023,12,"2023-12-13","Gol Linhas Aéreas","Transportes","Aéreo","Vício de Qualidade","Atraso de voo","Internet","Finalizada avaliada"
"SE","Guarulhos",2023,12,"2023-12-13","Gol Linhas Aéreas","Transportes","Aéreo","Vício de Qualidade","Atraso de voo","Internet","Finalizada avaliada"
"SE","Guarulhos",2023,12,"2023-12-14","Copa Airlines","Transportes","Aéreo","Dados Pessoais e Privacidade","Dados pessoais ou financeiros incorretos / desatualizados – dificuldade de retificação","Internet","Finalizada avaliada"
"SE","Guarulhos",2023,12,"2023-12-14","Avianca - Voos internacionais","Transportes","Aéreo","Vício de Qualidade","Extravio/ avaria de bagagem, carga, correspondência (ressarcimento, indenizações)","Internet","Finalizada não avaliada"
"SE","Guarulhos",2023,12,"2023-12-16","Air Canada","Transportes","Aéreo","Contrato / Oferta","Dificuldade para contratar o serviço (problema operacionais, acesso aos canais de venda etc)","Internet","Finalizada avaliada"
"SE","Guarulhos",2023,12,"2023-12-17","Gol Linhas Aéreas","Transportes","Aéreo","Contrato / Oferta","Oferta não cumprida / serviço não fornecido/ venda enganosa / publicidade enganosa","Internet","Finalizada avaliada"
"SE","Guarulhos",2023,12,"2023-12-17","Aerolíneas Argentinas","Transportes","Aéreo","Atendimento / SAC","SAC - Dificuldade para cancelar o serviço","Internet","Finalizada avaliada"
"SE","Guarulhos",2023,12,"2023-12-18","Gol Linhas Aéreas","Transportes","Aéreo","Vício de Qualidade","Inadequação dos serviços a pessoas com necessidade de assistência especial (embarque, assento, equipamentos etc)","Internet","Finalizada avaliada"
"SE","Guarulhos",2023,12,"2023-12-18","Gol Linhas Aéreas","Transportes","Aéreo","Dados Pessoais e Privacidade","Dados pessoais ou financeiros incorretos / desatualizados – dificuldade de retificação","Internet","Finalizada não avaliada"
"SE","Guarulhos",2023,12,"2023-12-19","Gol Linhas Aéreas","Transportes","Aéreo","Contrato / Oferta","Cancelamento indevido da passagem de volta","Internet","Finalizada não avaliada"
"SE","Guarulhos",2023,12,"2023-12-21","Gol Linhas Aéreas","Transportes","Aéreo","Vício de Qualidade","Cancelamento de voo","Internet","Finalizada não avaliada"
"SE","Guarulhos",2023,12,"2023-12-22","Latam Airlines (Tam)","Transportes","Aéreo","Cobrança / Contestação","Cobrança de tarifas, taxas, valores não previstos / não informados","Internet","Finalizada não avaliada"
"SE","Guarulhos",2023,12,"2023-12-22","Latam Airlines (Tam)","Transportes","Aéreo","Atendimento / SAC","SAC - Descortesia / despreparo / demora","Internet","Finalizada avaliada"
"SE","Guarulhos",2023,12,"2023-12-22","Gol Linhas Aéreas","Transportes","Aéreo","Contrato / Oferta","Oferta não cumprida / serviço não fornecido/ venda enganosa / publicidade enganosa","Internet","Finalizada avaliada"
"SE","Guarulhos",2023,12,"2023-12-22","Azul Linhas Aéreas","Transportes","Aéreo","Contrato / Oferta","Publicidade abusiva / ofensiva / discriminatória","Internet","Finalizada não avaliada"
"SE","Guarulhos",2023,12,"2023-12-22","ARAJET S.A.","Transportes","Aéreo","Cobrança / Contestação","Dificuldade / atraso na devolução de valores pagos / reembolso / retenção de valores","Internet","Finalizada avaliada"
"SE","Guarulhos",2023,12,"2023-12-26","Copa Airlines","Transportes","Aéreo","Vício de Qualidade","Extravio/ avaria de bagagem, carga, correspondência (ressarcimento, indenizações)","Stand, feiras e eventos","Finalizada não avaliada"
"SE","Guarulhos",2023,12,"2023-12-27","Gol Linhas Aéreas","Transportes","Aéreo","Vício de Qualidade","Atraso de voo","Internet","Finalizada não avaliada"
"SE","Guarulhos",2023,12,"2023-12-30","Avianca - Voos internacionais","Transportes","Aéreo","Cobrança / Contestação","Dificuldade / atraso na devolução de valores pagos / reembolso / retenção de valores","Internet","Finalizada avaliada"
